{
  "polar_hr_mean": 0.03104410134255886,
  "e4_temp_mean": 0.027346407994627953,
  "vid_au12_mean": 0.023260608315467834,
  "e4_ibi_mean": 0.023070035502314568,
  "e4_eda_mean": 0.020962286740541458,
  "vid_yaw_mean": 0.019845353439450264,
  "vid_yaw_std": 0.01957053132355213,
  "polar_hr_std": 0.018328119069337845,
  "vid_gaze_mean": 0.017667237669229507,
  "e4_acc_std": 0.016327034682035446,
  "aud_loudness_sma3_amean": 0.016305280849337578,
  "meditation_std": 0.016040338203310966,
  "e4_eda_slope": 0.015393306501209736,
  "attention_mean": 0.014585435390472412,
  "vid_au6_mean": 0.01445684302598238,
  "delta_e4_hr_mean": 0.014318335801362991,
  "e4_temp_std": 0.014097345061600208,
  "vid_pitch_std": 0.013619174249470234,
  "delta_attention_mean": 0.013581490144133568,
  "aud_jitterLocal_sma3nz_amean": 0.01358135137706995
}