{
  "e4_temp_slope": 0.04557524621486664,
  "meditation_std": 0.029113011434674263,
  "e4_temp_mean": 0.027824461460113525,
  "vid_au6_std": 0.025597410276532173,
  "e4_temp_std": 0.024960706010460854,
  "e4_hr_std": 0.02142483927309513,
  "aud_loudness_sma3_amean": 0.020898018032312393,
  "vid_au6_mean": 0.020374219864606857,
  "vid_pitch_mean": 0.019471386447548866,
  "vid_au4_mean": 0.019157014787197113,
  "e4_eda_mean": 0.016836922615766525,
  "vid_au12_mean": 0.01679595187306404,
  "vid_au17_std": 0.016686970368027687,
  "polar_hr_std": 0.01652703620493412,
  "vid_gaze_mean": 0.01589450053870678,
  "e4_acc_std": 0.015124375000596046,
  "polar_hr_mean": 0.015014433301985264,
  "vid_au4_std": 0.014231991954147816,
  "aud_F0semitoneFrom27.5Hz_sma3nz_amean": 0.013830795884132385,
  "bw_delta_mean": 0.013303736224770546
}