{
  "vid_au4_mean": 0.04158917814493179,
  "e4_temp_mean": 0.03909967094659805,
  "e4_eda_std": 0.036720093339681625,
  "e4_eda_mean": 0.03241761028766632,
  "vid_au6_mean": 0.03170272335410118,
  "vid_au12_mean": 0.030892565846443176,
  "vid_au6_std": 0.030418196693062782,
  "aud_F0semitoneFrom27.5Hz_sma3nz_amean": 0.02955021895468235,
  "polar_hr_mean": 0.029246294870972633,
  "vid_au4_std": 0.02883666194975376,
  "aud_loudness_sma3_amean": 0.0283757746219635,
  "vid_au17_std": 0.02830144762992859,
  "vid_pitch_mean": 0.027325455099344254,
  "vid_yaw_mean": 0.026163483038544655,
  "e4_temp_std": 0.025251448154449463,
  "vid_gaze_std": 0.02214151993393898,
  "e4_hr_mean": 0.021057872101664543,
  "vid_gaze_mean": 0.0203256718814373,
  "vid_yaw_std": 0.01957494206726551,
  "e4_bvp_rms": 0.019480470567941666
}