{
  "e4_temp_mean": 11.166985729392946,
  "e4_hr_std": 7.81128083272687,
  "aud_F0semitoneFrom27.5Hz_sma3nz_amean": 6.667222657556562,
  "polar_hr_std": 5.9057420415320045,
  "e4_temp_std": 5.500272775636507,
  "e4_eda_mean": 5.192136596016916,
  "vid_au17_std": 4.880505868003791,
  "aud_loudness_sma3_amean": 4.750786268215986,
  "e4_temp_slope": 3.9616918054343673,
  "vid_au6_mean": 3.6867447579317165,
  "polar_hr_mean": 2.8852211962407464,
  "vid_pitch_mean": 2.7878746523062823,
  "meditation_std": 2.4129572182850056,
  "delta_polar_hr_mean": 2.2484249519682127,
  "vid_au12_mean": 2.1373928654639425,
  "e4_acc_std": 2.098466419163731,
  "vid_au6_std": 1.7448361946806399,
  "e4_eda_slope": 1.731219463847036,
  "e4_ibi_std": 1.340758832506128,
  "attention_mean": 1.2421091702252425
}