model,target,condition,ccc_mean,ccc_std,ccc_ci_lo,ccc_ci_hi,r_mean,rmse_mean,pred_disp_mean,n_sessions
SVR,arousal,lag_0,0.042591054814039,0.1789243639638199,-0.0527510087510047,0.1379331183790828,0.0710279582575004,1.1496034190541484,0.4727918701890374,16
MeanBaseline,arousal,lag_0,-1.9984076592142047e-32,2.0881030635234e-31,-1.3125123473784155e-31,9.128308155355745e-32,,0.9656576605313424,4.65986177866282e-16,16
Ensemble,arousal,lag_0,-0.0007332376095126,0.1267969984072515,-0.0682985887678683,0.0668321135488429,0.0042443707623094,1.097805262377645,0.2804618132097786,16
RidgeCV,arousal,lag_0,-0.0022191327806751,0.1489224121196231,-0.0815742846896673,0.0771360191283171,-0.0141686290800034,1.1483486115681476,0.3633307730202664,16
CatBoost,arousal,lag_0,-0.0261145605808671,0.0546401459505157,-0.0552302391447475,0.0030011179830133,-0.0878680966115563,1.107517661920879,0.2150772074860376,16
CatBoost,valence,lag_0,0.0222993631197294,0.095361810371662,-0.0285153587253689,0.0731140849648277,0.0457497297746502,0.819570434674595,0.2382090730783689,16
RidgeCV,valence,lag_0,0.0212923271427821,0.0636096434021824,-0.0126028592379109,0.0551875135234752,0.0714752172506931,1.0141174215018327,0.5078442109881285,16
Ensemble,valence,lag_0,0.0154392860076739,0.0536747652726115,-0.0131619775044038,0.0440405495197517,0.0524927439754477,0.84927412018304,0.2318968389700186,16
MeanBaseline,valence,lag_0,-4.5291871659008384e-32,4.6391996280296305e-31,-2.924973701320768e-31,2.0191362681405996e-31,,0.7992731633060975,5.607846554943351e-16,16
SVR,valence,lag_0,-0.0022100507518047,0.0191468876150199,-0.0124127069782822,0.0079926054746726,0.0048104966702939,0.7973543942422434,0.0569628332155399,16
